Neighborhood,shomes10,shomes11,shomes12,shomes13,shomes14,salepr10,salepr11,salepr12,salepr13,salepr14,dom10,dom11,dom12,dom13,dom14,reosa11,reosa12,reosa13,reosa14,cashsa11,cashsa12,cashsa13,cashsa14,fore10,fore11,fore12,fore13,fore14,ownroc10,ownroc11,ownroc12,ownroc13,ownroc14,nomail10,nomail11,nomail12,nomail13,nomail14,totalres10,totalres11,totalres12,totalres13,totalres14,affordm13,affordr13,affordr14,homtax11,homtax12,homtax13,owntax11,owntax12,owntax13,histax12,histax13,resrehab10,resrehab11,resrehab12,resrehab13,homtax14,constper11,constper12,constper13,vacant10,vacant11,vacant12,vacant13,baltvac11,baltvac12,baltvac13,vio10,vio11,vio12,vio13,demper11,demper12,demper13,owntax14,resrehab14,constper14,vacant14,demper14,hcvhouse14
Allendale/Irvington/S. Hilton,118,80,76,74,184,$42500.00,$30000.00,$47500.00,$31806.00,$33250.00,85,55,58,57,43,53.5%,29.3%,8.3%,4.4%,78.2%,76.1%,78.8%,76.6%,2.6%,1.3%,2%,3.3%,2.8%,66%,61.6%,61.8%,60.3%,58.1%,9%,8.7%,8.4%,9%,10.2,5568,5551,5554,5568,5589,50.8,51,51,599.9,550.8,501.4,69,62.3,71.3,,,1.3%,1.6%,1.4%,1.6%,499.7,0,1.4,0,4.3%,4.7%,5.1%,5.2%,$3.00,2.8%,1.7%,5%,5.3%,3.3%,3.5%,0.4,0.2,0.2,72.5,1.4%,3.6,5.7%,0.2,211.4
Beechfield/Ten Hills/West Hills,72,84,64,62,117,$142250.00,$120000.00,$144501.00,$139500.00,$130000.00,102,74,69,53,49,38.5%,9%,3.2%,1.7%,32.1%,25.4%,29%,34.7%,2.1%,1%,1.4%,3%,2.4%,82.7%,79.5%,81%,80.8%,78.7%,2.3%,2.6%,2.8%,2.4%,2.9,3557,3575,3599,3599,3612,37.5,48.4,48.4,740.4,641.6,585.2,56.5,52.5,60,,,1.9%,3.1%,1.8%,2.4%,577.8,4.8,1.8,6.1,0.3%,0.4%,0.8%,0.4%,$6.70,3.7%,6.7%,2%,3.1%,1.3%,1.4%,0,0,0,60.4,2.6%,0.6,0.6%,0,166.7
Belair-Edison,153,127,132,117,184,$56000.00,$44000.00,$60000.00,$45100.00,$41975.00,94,66,46,39,39,41.1%,23.2%,6.5%,3.5%,66.7%,67.4%,67.7%,69.2%,3.2%,1.7%,2.3%,4.7%,3.1%,67.2%,64.8%,64.5%,63.5%,61.6%,6.2%,6.7%,8.7%,9.8%,11.3,6295,6296,6292,6295,6296,42.7,71.5,71.5,613.7,582.8,443.4,57.5,52.6,57.7,,,1.4%,1.9%,1.8%,1.5%,444.4,0,1.8,0,1.5%,1.7%,2%,2.5%,$0.90,0%,0%,2.2%,3.2%,2.6%,2.5%,0,0.3,0.3,58.3,1.9%,0.3,2.7%,0,420.3
Brooklyn/Curtis Bay/Hawkins Point,104,86,84,77,113,$58005.00,$42950.00,$47050.00,$45000.00,$40000.00,108,68,59,51,36,42.6%,23.7%,0.8%,5.1%,73.4%,72%,76.9%,75.4%,2.8%,1.3%,1.8%,3.6%,2.5%,50.4%,46.2%,46.9%,45.6%,43.5%,8.9%,8.8%,9.9%,9.9%,11.3,4283,4259,4256,4256,4249,33.1,53,53,382,364.4,305.7,51,47.2,52.9,,,1.3%,1%,1.2%,1%,307.4,0.5,1.2,0.5,3.7%,4.2%,5%,5.5%,$2.70,3.8%,3.9%,3.7%,4.3%,3.1%,4.1%,0.9,3.8,3.8,53.2,1%,0.2,5.9%,1.2,54.5
Canton,230,199,288,244,315,$251000.00,$231000.00,$261200.00,$285500.00,$275000.00,82,58,27,17,30,14%,3.9%,0.7%,0.4%,26.6%,20.1%,15.5%,18.3%,1.8%,0.5%,0.6%,1.4%,0.7%,69.9%,67.9%,68.7%,68.4%,66.6%,7.7%,7.4%,6.4%,5.6%,4.9,4013,4017,4025,4024,4033,29.8,33.4,33.4,448.3,355.8,321.1,46.6,43,44,,,4%,5.3%,6.6%,6.5%,320.6,0.3,6.6,0.7,0.9%,0.7%,0.8%,0.6%,$0.00,0%,0%,0.6%,0.4%,0.5%,0.8%,0,0.5,0.5,44.4,5.3%,1.5,0.5%,0.5,16.3
Cedonia/Frankford,195,171,141,132,262,$103225.00,$88000.00,$94500.00,$97250.00,$78575.00,98.5,71,48,39,45,42.6%,16.9%,6.7%,1.8%,45.4%,42.2%,40.2%,43.7%,2.9%,1.3%,2.4%,4.1%,3.2%,79.2%,76.5%,76.1%,75.2%,73.1%,4.8%,5.2%,6.2%,6.1%,6,6294,6290,6286,6290,6285,43.6,58.8,58.8,720.5,683.4,528.1,69.3,68.7,72,,,1.9%,1.6%,2.1%,2.7%,528.2,0.5,2.1,0.2,0.7%,0.6%,1.1%,1.3%,$2.60,1.4%,1.2%,1.6%,2.6%,1%,1.8%,0.2,0,0,72.6,2.4%,0.2,1.7%,0.5,132
Cherry Hill,9,8,6,2,18,$69000.00,$61050.00,$16000.00,$34850.00,$23500.00,141,92,28,36,38,15.4%,6.7%,0%,4.3%,61.5%,86.7%,76.5%,95.7%,2%,1%,0.6%,1.9%,1.4%,54.7%,53%,53%,52.2%,49.5%,3.1%,3.3%,4.4%,4.3%,3.7,988,985,985,984,984,41.6,43.5,43.5,510.7,500.5,470.5,67,66,74.2,,,0.4%,0.5%,0.2%,0.4%,470.5,0,0.2,0,3.4%,3.7%,4%,4.1%,$5.40,5.1%,5%,2.9%,5.2%,2.4%,3.4%,0,0,0,74.2,1.1%,1,4.9%,3,99.6
Chinquapin Park/Belvedere,74,59,63,55,89,$117450.00,$130000.00,$124000.00,$125000.00,$120000.00,103,78,54,45,36,24.2%,11.5%,5.5%,2.2%,40.3%,31.1%,43.8%,40%,2%,0.9%,1.6%,2.6%,2.3%,74%,70.3%,71.6%,70.5%,68.9%,6%,5.3%,4.3%,4.8%,5.2,2694,2688,2689,2689,2689,31.8,61.5,61.5,674.9,636.7,482,61,58,62.5,,,2.3%,1.8%,1.3%,2.2%,483.1,0,1.3,0.4,0.3%,0.6%,0.7%,1%,$0.00,5.6%,3.7%,2.3%,3.8%,2.9%,2.9%,0.4,0,0,62.8,2.8%,0.4,1.6%,0,116.9
Claremont/Armistead,16,18,6,7,17,$139000.00,$135000.00,$79200.00,$97000.00,$90000.00,135,43,49,108,57,31.6%,20%,0%,0%,52.6%,40%,56.3%,57.1%,4.7%,0.8%,2%,2.9%,1.3%,76.6%,70.9%,75.2%,74.5%,85.1%,3.6%,3.9%,4.6%,4.2%,3.7,725,755,745,752,2267,33.8,47.5,47.5,543.1,567.8,432.2,46.4,44.3,57.2,,,1.5%,2.7%,4.6%,7.6%,142.9,6.6,4.6,6.6,0%,0.3%,0.3%,0.5%,$0.00,0%,0%,3.3%,2.8%,3.6%,3.1%,0,0,0,19.4,1.4%,26,0.2%,0.4,270.3
Clifton-Berea,87,76,40,40,63,$13250.00,$16050.00,$21250.00,$24000.00,$20000.00,71,45,36,50,32,53.1%,14.6%,7.4%,2%,90.6%,85.4%,87%,93.1%,1.7%,0.5%,0.9%,1.8%,1.4%,35.8%,34.4%,34%,33.5%,33%,9.5%,8.8%,9.6%,10.7%,12.5,4783,4756,4738,4723,4675,54.6,55.7,55.7,162.7,135.5,113.5,30.7,27,29.6,,,1.7%,1.2%,1.5%,1.6%,114.7,0,1.5,0,24.5%,23.7%,24.1%,25.1%,$17.40,15.7%,15.4%,11.3%,12.7%,11.8%,14%,4.8,4,4,29.9,1.2%,0,26%,6.4,229
Cross-Country/Cheswolde,53,69,86,119,117,$165000.00,$143500.00,$111250.00,$131250.00,$165000.00,120.5,109,60,38,35,7.4%,4.2%,1.7%,1.1%,55.6%,55.6%,52.5%,49.4%,0.9%,0.2%,0.5%,1.3%,0.9%,84.4%,83.4%,83.6%,83.1%,82.3%,1.7%,1.9%,2.2%,2.3%,1.6,2914,2918,2925,2925,2926,43.8,42.9,42.9,732,617.1,439,71.6,61.2,63.2,,,2.8%,2.8%,3.1%,4.2%,436.1,0.7,3.1,3.1,0.1%,0.2%,0.1%,0.1%,$0.00,0%,0%,0.4%,0.6%,0.3%,0.5%,0,1,1,63.6,6%,0.7,0.2%,0.3,25.1
Dickeyville/Franklintown,4,8,11,9,10,$245000.00,$140625.00,$225000.00,$235000.00,$227550.00,218.5,81,114,45,126,62.5%,15.4%,0%,0%,50%,15.4%,30.8%,33.3%,1.5%,0.3%,0.3%,1.6%,1.2%,70.9%,45.6%,69.2%,68.3%,66.9%,0.9%,0.9%,1.8%,2%,1.9,333,319,318,322,323,26.5,49.7,49.7,551.7,506.3,475.2,37.6,34.6,49.7,,,3.9%,2.2%,3.1%,2.8%,448.9,0,3.1,6.2,1.5%,1.4%,4.7%,2.5%,$0.00,0%,0%,4.5%,5%,1.6%,2.2%,0,0,0,49.5,5.3%,3.1,2.2%,0,143.2
Dorchester/Ashburton,84,73,57,60,148,$68150.00,$80000.00,$100000.00,$88500.00,$86250.00,120,75,59,29,40,45.9%,27.3%,7.8%,3.6%,55.3%,50%,47.6%,52.9%,2.8%,1.5%,2%,3.9%,3.2%,73.6%,67.8%,70.1%,68.8%,67.2%,8.8%,9.1%,7.3%,7.1%,7.8,3421,3421,3419,3424,3422,50.4,61.5,61.5,691,654.9,606.3,86.5,73.1,82.9,,,1.9%,2.4%,2.8%,3.2%,612.8,0.6,2.8,0.3,3.3%,3.2%,3.3%,2.9%,$4.30,4.4%,4.1%,2.5%,2.5%,1.8%,2.8%,0.3,1.8,1.8,84.7,3%,0.9,3.1%,1.2,131.8
Downtown/Seton Hill,20,17,30,25,34,$210450.00,$157600.00,$197500.00,$220000.00,$235250.00,111,106,46,42,88,16.7%,13%,3.7%,0%,55.6%,39.1%,37%,15.8%,5.1%,3.9%,3.4%,2.1%,2.5%,43.3%,40.7%,40.2%,39.9%,37.6%,4.8%,4.7%,4.3%,3.8%,1.8,670,670,676,675,687,50.2,49.6,49.6,210.5,284,232.6,0,7.4,7.4,,,0.9%,1%,0.9%,2.4%,228.5,0,0.9,0,8.4%,8.9%,8.6%,9.9%,$55.00,55.2%,53.7%,7.2%,11.3%,9%,12.7%,4.5,3,3,7.3,3.3%,1.5,10.2%,2.9,78.5
Edmondson Village,70,39,49,40,87,$49100.00,$41000.00,$60000.00,$56444.00,$55000.00,95,79,59,40,39,42.1%,20%,7.5%,3.7%,63.2%,58.2%,73.1%,51.9%,2.3%,0.9%,1.7%,3.4%,2.5%,70.9%,64.8%,66.6%,66.1%,64.5%,7.8%,8.4%,8%,8.1%,9.2,2843,2835,2832,2832,2831,49.7,61.2,61.2,662.8,558.3,464.3,107.9,94.3,96.8,,,2.1%,1.7%,1.7%,2.4%,465.2,0.4,1.7,0,2.6%,2.9%,3.4%,3.2%,$5.80,4.2%,1.1%,3.8%,6.2%,1.6%,1.8%,0,0,0,97.8,2%,0,3.7%,0,184.6
Fells Point,170,173,178,191,241,$215500.00,$205000.00,$226500.00,$244000.00,$249000.00,122.5,60,35,21,33,21.8%,8%,1%,0%,29.9%,27.3%,22.4%,21.8%,1.6%,0.8%,0.7%,1.1%,1%,53.2%,51.5%,51.9%,51.7%,51.4%,7%,6.8%,3.7%,4%,4,4058,4073,4076,4080,4096,27.8,34.5,34.5,349.6,304.7,275.5,37.1,28.9,33.6,,,4.4%,3.7%,4.7%,5.3%,274.9,0.3,4.7,0,1%,1.1%,0.9%,1.2%,$0.00,0%,0%,2.1%,1.9%,1.3%,1.6%,1,0,0,33.7,4.8%,0.7,0.8%,1,12.8
Forest Park/Walbrook,81,87,55,49,129,$60250.00,$50000.00,$50000.00,$70000.00,$65500.00,122,63,41,35,49,45.1%,16.7%,4%,2%,62.6%,61.1%,53.3%,58.8%,4.5%,1.5%,1.8%,4.1%,3.5%,63.4%,59.9%,60.1%,58.1%,56.4%,11.5%,11.3%,11.4%,13.5%,11.7,2883,2881,2879,2882,2879,39,58.2,58.2,532.8,546,493.8,56.2,52.4,59.3,,,3.8%,2.7%,2.7%,4.3%,496.7,0.7,2.7,1,5.6%,5.7%,6.4%,6.2%,$0.60,1.1%,0.6%,5.1%,5.1%,4.6%,6.5%,1,0,0,61.8,3.6%,0.7,6%,0,209.8
Glen-Fallstaff,90,73,55,92,138,$102600.00,$90000.00,$127500.00,$127450.00,$87500.00,120,60,61,54,47,30%,20.3%,5.6%,1.2%,57.5%,50%,46.1%,42.4%,2.2%,0.9%,1.4%,1.9%,2%,78.5%,75.6%,76.5%,75.5%,73.7%,4.1%,4.3%,4.1%,4%,4.9,3691,3685,3685,3686,3719,48,46.8,46.8,629,675.2,587.4,75.2,77.9,86.8,,,2.7%,1.2%,2.1%,2.8%,580.8,2.2,2.1,0.5,0.7%,0.8%,0.9%,1.1%,$0.00,0%,2.5%,1.1%,1.3%,1.4%,1.4%,0.3,0.8,0.8,87.9,2.2%,1.3,1.1%,0.8,199.4
Greater Charles Village/Barclay,110,108,121,121,177,$146000.00,$135000.00,$185000.00,$170000.00,$189900.00,90,73,36,22,41,27.1%,9.4%,2.4%,2.5%,46.9%,47.9%,45.6%,36.1%,1.6%,1%,1.3%,1.9%,1.3%,44.9%,43.6%,43.4%,43%,43.2%,5%,5.4%,5.9%,5.9%,5.4,3675,3675,3690,3694,3681,39.6,51.4,51.4,369.5,365.3,319.7,21.2,20.3,22.5,,,2.7%,2.9%,4.1%,4.2%,325.5,0,4.1,0,9.6%,9%,7.6%,6.8%,$42.70,37.1%,8.8%,3.6%,6.3%,8.4%,9.3%,0.3,11.7,11.7,22.8,2.9%,0,5.7%,2.7,68.7
Greater Govans,92,61,54,73,100,$47094.00,$37000.00,$62750.00,$60000.00,$50600.00,99,50,71,45,44,47.4%,25%,5.4%,4.6%,69.2%,61.7%,67.4%,66.1%,2.1%,1.1%,1.5%,2.9%,2.5%,64.4%,60.6%,62.2%,61.3%,59.2%,8.5%,8.5%,7.9%,8.7%,11.1,3720,3730,3728,3729,3731,42,50.7,50.7,591.7,561.4,506,75.6,74.6,81.5,,,1.5%,1.4%,2%,2.1%,506.6,0,2,0.5,4.1%,4%,4.5%,4.5%,$16.00,4.8%,3.6%,3.2%,4.5%,2.4%,4.7%,2.4,1.9,1.9,81.7,2.6%,0.8,4.9%,0.8,199.1
Greater Mondawmin,75,52,44,42,67,$34000.00,$41950.00,$28000.00,$57000.00,$40500.00,88,69,41,40,33,41.4%,29.4%,3.1%,1.4%,74.1%,82.4%,70.3%,68.1%,2.1%,1.1%,1.5%,3%,1.6%,55.3%,51.6%,52.5%,51.5%,50%,12.7%,12.6%,13%,14.2%,17.2,3439,3437,3432,3434,3444,31.2,63.5,63.5,438.5,376.5,293.5,45.7,39.9,45.4,,,1.3%,1.8%,1.5%,1.4%,293.3,0,1.5,0,10.3%,10.3%,10.9%,11.4%,$6.50,7.2%,6.4%,4.9%,5.5%,4.8%,6.6%,3.5,0.9,0.9,45.6,1.8%,0.9,12%,0,250.5
Greater Roland Park/Poplar Hill,90,98,120,116,157,$380000.00,$335000.00,$316250.00,$320000.00,$310000.00,110.5,37,40,17,36,12.4%,2.6%,0%,0%,33.3%,28.2%,25.2%,34.1%,0.4%,0.2%,0.3%,0.4%,0.2%,76.7%,73.2%,75.7%,75.7%,75.4%,2.7%,2.6%,2.9%,3.2%,3,3030,3020,3021,3023,3023,33.8,43.5,43.5,608.3,541.5,403.9,19.9,21.2,18.2,,,3.6%,3.7%,5.3%,5%,406.2,0.3,5.3,0.3,0.1%,0.1%,0.1%,0%,$0.00,0%,0%,0.5%,0.8%,0.9%,0.9%,0.3,0.3,0.3,18.5,4.5%,1.3,0.1%,0.3,5.9
Greater Rosemont,190,141,83,85,145,$29700.00,$20000.00,$39900.00,$21875.00,$20000.00,101.5,50,41,32,54,52.5%,34.9%,9.4%,3%,86.5%,87.2%,93.5%,88.8%,2.3%,1%,1.6%,2.8%,2.2%,50.9%,48.1%,47.3%,46.7%,45.4%,10.5%,10.3%,10.9%,11.3%,15.3,7267,7212,7189,7164,7133,51,58.8,58.8,357.3,272.5,224,50.9,44.1,50.4,,,2%,1.4%,1.5%,1.6%,225.4,0.4,1.5,0,14.9%,15.5%,16%,15.7%,$7.90,7.7%,6.5%,5.6%,7%,6.1%,7.6%,0.1,4.3,4.3,50.8,1.1%,0.7,16.3%,3.4,245.4
Greenmount East,93,54,41,52,118,$12900.00,$19000.00,$18508.00,$32450.00,$30000.00,117,76,75,88,72,34.1%,17.1%,4.3%,3.1%,88.6%,74.3%,63%,58.3%,1.2%,0.4%,0.6%,1.2%,1.1%,30.2%,29.3%,29.1%,28.6%,28%,16.6%,16.3%,15.8%,16.3%,17.5,4100,4087,4059,4071,4088,49.5,55.3,55.3,149,122.4,104.6,8.3,11.6,13.5,,,2.9%,2.1%,3%,3.6%,104.2,0,3,0,38.6%,34.7%,35.6%,32.7%,$31.40,29.7%,25.6%,15.5%,19.2%,23.2%,27.1%,16.2,11.1,11.1,13.7,1.7%,0.2,32.8%,8.6,158.4
Hamilton,120,123,134,104,203,$139175.00,$105975.00,$116600.00,$120000.00,$106000.00,106,58,57,40,45,41.6%,18.9%,3.8%,1.6%,41.6%,28.8%,30.1%,35.9%,3.1%,1.2%,2%,3.8%,3.3%,83.1%,79.3%,80.1%,78.9%,76.4%,5.4%,5.8%,4.8%,4.7%,6,4368,4367,4368,4368,4364,41.3,53.7,53.7,733.2,680.2,609.2,77.6,74.2,79.2,,,1.9%,2.2%,2%,2.1%,609.3,0.9,2,0.7,0.3%,0.5%,0.4%,0.6%,$0.00,0%,0%,1.6%,2.1%,1.4%,2%,0,0.2,0.2,80.7,2.8%,1.1,0.9%,0.5,172.4
Harbor East/Little Italy,46,42,47,51,99,$242500.00,$202500.00,$242000.00,$292900.00,$298000.00,111,49,84,35,55,31.3%,2.6%,0%,0%,43.8%,42.1%,53.7%,44.1%,1.2%,0.5%,0.7%,1.5%,1.6%,41.9%,40.6%,37.8%,37.6%,36.9%,4.6%,5%,3.6%,3.6%,3.8,1596,1595,1695,1695,1698,33.4,44.8,44.8,234.5,182.9,160.5,5.6,19.5,21.8,,,1.4%,1.6%,1.4%,1.8%,163.7,0,1.4,0,1.6%,1.7%,1.7%,2.1%,$18.50,10.7%,5.7%,2.8%,2.5%,2.7%,6.7%,0,1.2,1.2,21.8,3.8%,0,1.9%,2.4,50
Harford/Echodale,124,139,154,130,269,$154950.00,$134500.00,$134950.00,$144950.00,$123999.00,98,76,51,34,47,30.7%,12.6%,2.3%,4.4%,30.7%,25.8%,27.1%,31%,2.6%,1.3%,2.1%,3.3%,2.7%,84.5%,80.6%,81.3%,80.5%,78.1%,4.9%,4.6%,4.3%,4.8%,5.9,5076,5045,5047,5054,5050,37,46.5,46.5,753,704.4,631,78.7,74.9,78.2,,,1.9%,1.9%,2.1%,2.1%,625.7,0.6,2.1,0.4,0.2%,0.3%,0.3%,0.5%,$0.00,0%,0%,1.5%,1.9%,1.9%,2.2%,0.2,0.4,0.4,78.6,2.5%,0.2,1%,1,120.4
Highlandtown,145,135,177,158,237,$215000.00,$191500.00,$220000.00,$250000.00,$265000.00,107,46,26,21,41,25.3%,8.3%,1.5%,0%,31.2%,25.9%,24.2%,21.7%,2.2%,1%,0.9%,1.4%,1.2%,61.9%,59.8%,59.4%,60%,58.3%,8.8%,8.3%,8.8%,7.3%,6.7,3163,3168,3168,3169,3211,27.4,45,45,466.9,408.5,372.7,60.6,56.5,52.1,,,4.4%,4.7%,6%,8.2%,367.2,0.3,6,1.3,1%,1.1%,1.6%,1.7%,$0.00,0%,0%,1.4%,1.4%,1.8%,3.3%,0.6,0.3,0.3,51.7,6%,8.4,1.2%,0.9,66.1
Howard Park/West Arlington,71,60,73,50,109,$115000.00,$74250.00,$115000.00,$115000.00,$70000.00,104.5,51,22,40,34,47.8%,21.1%,9.1%,2%,53.6%,39.4%,53.2%,44.1%,3.8%,0.9%,1.5%,3%,3.4%,78%,74.7%,75.3%,73.9%,72.3%,6.4%,7.1%,6.9%,7.7%,9.6,3165,3157,3157,3157,3154,50.8,64,64,703.5,650.3,584.1,88.4,83.3,86.5,,,2.8%,3.1%,2.4%,3.1%,577.4,1.6,2.4,1,2%,2%,4.1%,2.3%,$3.00,9.4%,0%,2.6%,2.2%,2.1%,3%,1,1.3,1.3,88.8,3.4%,1.6,2.4%,0.6,149.8
Inner Harbor/Federal Hill,313,263,336,321,373,$275000.00,$280000.00,$284950.00,$314000.00,$320000.00,99,56,31,23,28,10.6%,4.8%,0.8%,0.7%,21.6%,26.3%,24.2%,22.1%,1.3%,0.4%,0.7%,1.2%,0.9%,63.5%,61.5%,60.7%,60.5%,59%,3.6%,3.4%,2.8%,2.8%,2.9,5894,5927,5949,5954,5992,31.1,46.2,46.2,426.7,334.3,289.7,32.7,29.6,30.4,,,3.9%,3.7%,4.4%,4.6%,287.7,0.5,4.4,0.8,0.6%,0.5%,0.4%,0.5%,$3.70,4.2%,0%,0.4%,1.1%,1%,1.3%,0.5,0.2,0.2,30.4,4.8%,2.5,0.6%,1,59.5
Lauraville,129,111,132,118,199,$137000.00,$92900.00,$114450.00,$128750.00,$132000.00,106,67,46,34,46,35.8%,22.6%,2.9%,2.7%,46.7%,38.7%,37.1%,32.4%,2.5%,1.3%,2%,3%,2.6%,79%,76%,75.9%,74.6%,73.6%,7.1%,6.9%,6.8%,7.2%,8,4480,4474,4478,4479,4475,34.5,52.9,52.9,684.4,675.3,608.8,59.7,58.5,61.4,,,2%,2.6%,2.5%,3.6%,610.9,0.9,2.5,1.1,0.7%,0.8%,1.2%,1.5%,$0.00,1.8%,0%,1.3%,2.1%,1.3%,2.5%,0,0.7,0.7,62.1,3.4%,0.4,1.6%,0,198.3
Loch Raven,99,88,64,68,125,$134000.00,$94000.00,$98500.00,$109000.00,$73100.00,98.5,57,38,52,34,29.3%,11.8%,3.4%,1.9%,36%,40.8%,25%,43.4%,2.7%,1%,1.4%,3.5%,2.3%,81.5%,80.5%,79.8%,79.1%,77.7%,2.2%,2.1%,2.7%,2.9%,2.9,4229,4230,4231,4231,4228,41.3,50.7,50.7,762.7,724.4,600.1,64.3,59.1,67.8,,,1.5%,1.2%,0.9%,1.2%,602.6,0.7,0.9,0,0.1%,0.1%,0.1%,0.3%,$0.00,0%,0%,1.4%,2.2%,2.6%,2.8%,0,0,0,68.4,1.5%,0,0.6%,0,91.3
Madison/East End,110,77,48,34,71,$25000.00,$16000.00,$34500.00,$26250.00,$25000.00,122.5,53,36,29,61,45.5%,20%,8%,0%,93.9%,94%,85.3%,87%,2.4%,1%,1.3%,2.9%,1.9%,26.9%,24.5%,25.6%,24.9%,24.3%,13%,11.2%,11.5%,12.7%,15,3220,3445,3212,3238,3237,42.3,64.1,64.1,164.9,162.8,152.9,10.2,12.8,13.3,,,3.7%,2.8%,3%,1.8%,153.8,0,3,0,25.7%,22.7%,20.7%,20.7%,$17.30,18.3%,14.9%,3.7%,3.9%,4.6%,5.8%,7.6,3.1,3.1,13.6,1.2%,0,20.1%,15.8,328.8
Medfield/Hampden/Woodberry/Remington,223,187,260,226,334,$164950.00,$139000.00,$144600.00,$178000.00,$175000.00,97,58,37,28,29,16.4%,8.4%,0.7%,1.3%,35%,31.2%,24.3%,23.2%,1.6%,0.7%,0.8%,1.5%,1.3%,68.7%,64.5%,67.3%,66.8%,64.8%,5%,5.1%,4.7%,3.9%,3.9,6750,6739,6728,6747,6810,31.4,43.3,43.3,552.8,530.5,482.3,53.4,55.6,52,,,2.4%,1.9%,2.9%,3.6%,478,0.9,2.9,1.8,1%,0.9%,1%,0.9%,$20.00,16.4%,1.7%,1.3%,2.4%,1.6%,2.2%,1,0.6,0.6,51.7,3.8%,2.5,0.8%,0.1,21.5
Midtown,81,105,159,126,149,$195000.00,$190000.00,$229900.00,$207450.00,$200000.00,83,77,54,33,33,17.7%,11.5%,0.9%,3.3%,40%,26.5%,28.7%,35%,1.6%,1.4%,1.5%,2.5%,1%,41.9%,41.7%,41.5%,42%,41.1%,6.7%,6.9%,6.4%,5.8%,5.8,3279,3283,3431,3440,3441,31.8,44.2,44.2,333.8,309.5,282.3,4,9,11.9,,,3.9%,3.9%,4.7%,4.7%,282.5,0.3,4.7,0.6,5.3%,4.7%,4.1%,3.6%,$40.40,43.9%,29%,5.3%,5.1%,6.3%,8.6%,0.3,0,0,12.2,5.8%,1.5,2.9%,0.6,76.6
Midway/Coldstream,86,75,52,43,70,$24500.00,$17500.00,$19400.00,$22000.00,$17005.00,84.5,55,60,26,28,48.2%,27.1%,5.5%,3.1%,85.9%,84.7%,90.9%,93.9%,2.1%,0.9%,1.2%,2.5%,1.9%,40.9%,39.2%,38.9%,37.7%,36.4%,16.5%,17%,15.4%,15.8%,16.4,4176,4161,4151,4148,4118,36.2,64.4,64.4,217,236.3,148,24.5,27,27.7,,,2%,1.6%,1.6%,1.6%,149.1,0,1.6,0,16.6%,16.2%,17.7%,18.9%,$11.00,10.9%,11.1%,7%,9%,7.5%,8.8%,1.7,1.9,1.9,28.4,1.3%,0,20.9%,6.3,184.5
Morrell Park/Violetville,73,68,78,71,118,$103000.00,$63250.00,$80700.00,$65000.00,$69000.00,91,63,72,47,35,44.9%,22.5%,3.8%,2.5%,44.9%,51.2%,50%,56.8%,2.3%,1.5%,1.6%,3.4%,2.8%,77.2%,71.3%,72.6%,71.1%,67.8%,4.4%,4.4%,5.8%,5.6%,5.5,3165,3150,3153,3154,3154,41.1,47,47,701.6,647.6,595.8,82.5,78.3,85.6,,,1.1%,1.4%,1.4%,1%,594.8,1,1.4,0.3,1.6%,1.6%,1.8%,1.8%,$0.00,0%,0%,2.5%,2.7%,1.6%,2.7%,0.3,0.6,0.6,85.9,1.1%,1,2.2%,0.6,123.5
Mount Washington/Coldspring,32,52,69,58,58,$280000.00,$250000.00,$280000.00,$308000.00,$287000.00,115,79,29,26,34,7.8%,7.2%,0%,0%,19.6%,20.3%,20%,19.6%,0.9%,0.5%,0.8%,1.5%,1%,83.6%,80.9%,83.3%,82.9%,82%,0.9%,1%,0.6%,1.1%,1,1825,1822,1827,1827,1830,28.9,33.7,33.7,743.7,656.8,524.4,28,24.1,26.3,,,3.1%,6.5%,4.2%,4.8%,510.9,7.7,4.2,0.5,0.1%,0.1%,0.1%,0.1%,$0.00,0%,0%,0.1%,0.4%,0.3%,0.5%,0.6,0.5,0.5,26.2,4.6%,1.6,0.1%,0,61
North Baltimore/Guilford/Homeland,151,174,183,196,271,$347500.00,$352000.00,$340000.00,$370000.00,$325000.00,122,57,47,28,33,8%,4%,1.3%,1.3%,21.1%,26%,28.5%,33.8%,0.8%,0.3%,0.4%,0.6%,0.9%,76.4%,74.5%,75.7%,75.5%,74.7%,2.1%,2.2%,1.6%,2.6%,2.9,5099,5093,5089,5092,5095,29.7,54.4,54.4,600.4,557.3,478.2,18.5,17.7,19.4,,,3.5%,3.5%,3.9%,4.5%,477.9,1,3.9,1,0.2%,0.2%,0.2%,0.4%,$0.00,0%,0%,1%,1.3%,1.4%,1.1%,0.2,0.2,0.2,19.8,4.6%,0.4,0.5%,0.6,42.4
Northwood,83,85,98,77,176,$138000.00,$115000.00,$110050.00,$109900.00,$90000.00,96,55,52,42,36,32.1%,13.5%,3.8%,1.6%,32.1%,28.1%,39%,34.4%,2.1%,0.8%,1.3%,2.4%,2.7%,84.2%,82.5%,82.7%,82%,80.4%,3.4%,3.9%,3.5%,3.6%,4.2,4670,4670,4669,4667,4667,40.2,51,51,785.7,753.9,702.4,88.7,88.2,93.4,,,1.4%,1.4%,1.6%,1.7%,704.9,0.4,1.6,0.2,0.2%,0.3%,0.4%,0.4%,$0.00,0%,0%,1%,1.6%,1.3%,2.5%,0,0,0,94.5,2.1%,0.4,0.7%,0,146.5
Oldtown/Middle East,48,67,48,41,51,$173750.00,$57500.00,$50000.00,$102000.00,$149900.00,111,79,48,31,35,28.6%,8%,2.1%,0%,47.6%,48%,54.2%,40%,1.9%,0.6%,1.6%,2.1%,0.8%,41%,39.2%,39.3%,38.7%,37.4%,4.6%,4.4%,7.3%,7.1%,3.1,1423,1430,1430,1445,1499,34.6,44.3,44.3,297.2,287.4,258.8,11.9,17.5,23.5,,,4.9%,6%,8.5%,11.8%,249.5,0.7,8.5,0.7,40.1%,41.7%,37.3%,34.7%,$52.40,55.4%,58.5%,4.9%,6%,7.7%,12.5%,5.6,7.7,7.7,23.3,5.2%,0,24.8%,5.3,80.5
Orangeville/East Highlandtown,107,98,83,85,155,$84000.00,$70000.00,$75000.00,$94500.00,$90000.00,108,59,35,28,37,34.6%,7.1%,4%,0.8%,54.6%,57.6%,48%,47.9%,1.8%,0.7%,0.7%,1.6%,1.3%,56.9%,53.9%,52.5%,52.5%,50%,9.1%,8.7%,7%,6.6%,6,3505,3509,3625,3625,3806,40.2,54.9,54.9,525.8,450.5,419,88.9,74.5,80.8,,,1.5%,1.7%,1.1%,3.5%,396.7,0.3,1.1,12.7,1.4%,1.3%,1.4%,1.5%,$2.10,0%,0%,1.1%,2.1%,1.4%,2.6%,1.4,0.8,0.8,77.2,2.5%,37,1.6%,0.5,102.8
Patterson Park North & East,424,270,256,291,441,$189950.00,$114750.00,$162200.00,$201000.00,$172000.00,102,63,44,28,28,34.8%,10%,2.1%,1.3%,41.8%,40.9%,35%,31.6%,2.9%,1.1%,1.7%,2.1%,1.6%,48.8%,47.3%,47.1%,47.1%,46.8%,13.5%,12.2%,13.2%,12%,12.6,6342,6347,6359,6365,6377,27.7,51.3,51.3,372.1,348.3,316.9,38.4,38.8,39.6,,,4.9%,5%,4.9%,7.1%,317.2,2.2,4.9,0,5.3%,4.6%,4.4%,3.8%,$8.90,7.5%,2.9%,2.2%,1.8%,1.7%,2.9%,0.2,0,0,40,4.9%,0.5,3.6%,0.2,260.4
Penn North/Reservoir Hill,117,84,66,72,137,$44000.00,$39950.00,$70000.00,$83500.00,$65000.00,101,59,40,30,36,58.4%,18.3%,4%,2.4%,71.4%,60.6%,53.3%,62.2%,2.8%,1.4%,1.8%,3.1%,2.4%,39.2%,38.2%,37.2%,36.2%,35.7%,15.9%,16.3%,16.4%,16.7%,19.3,2976,2976,2980,2981,2984,42.6,52.5,52.5,320.6,305.7,277.8,25.5,25.2,27.5,,,3.8%,2.5%,3.7%,4.2%,278.2,0.3,3.7,0,16.4%,16.1%,16%,16.3%,$8.80,8.4%,6%,8.1%,9.8%,11.1%,15.6%,0,1.3,1.3,27.8,2%,0,15.8%,2.3,195.7
Pimlico/Arlington/Hilltop,72,67,38,34,79,$48094.00,$21500.00,$18653.00,$57500.00,$30000.00,80,52,41,35,48,52.2%,44.6%,1.4%,4.7%,82.1%,85.7%,69.6%,66.3%,2.3%,0.9%,2%,2.9%,2.2%,56.1%,54.5%,54.1%,53.1%,51.9%,10%,10%,10.5%,12.1%,14.8,3980,3962,3940,3933,3915,46.9,53.3,53.3,268.3,207.4,171.9,60.1,49.7,57.5,,,1.7%,1.5%,1.7%,1.5%,173.2,0,1.7,0.8,13.1%,13%,13.2%,13.5%,$23.90,22.4%,19.3%,4.3%,6.5%,5.9%,6.8%,2.5,2,2,58,1.4%,0.5,14.2%,1.5,178.3
Poppleton/The Terraces/Hollins Market,41,31,39,30,44,$48000.00,$69900.00,$69000.00,$117450.00,$73600.00,115.5,53,42,38,27,37.9%,26.1%,9.7%,6.1%,58.6%,52.2%,64.5%,45.5%,3%,1.5%,1.4%,2.8%,2.6%,33.4%,31.2%,30.8%,30.8%,30.3%,11.2%,11%,10.6%,11.2%,10.3,1367,1370,1369,1369,1363,43.1,55.6,55.6,132.9,144.6,130.8,7.3,8,9.5,,,2.6%,8.3%,2.6%,3.3%,131.3,0,2.6,0,18.7%,16.6%,15.3%,15.5%,$39.70,34.9%,34%,7.2%,9.5%,21.1%,28.9%,25.6,31.4,31.4,9.5,1.7%,2.2,16.4%,9.5,84
Sandtown-Winchester/Harlem Park,107,120,68,67,88,$12886.00,$26000.00,$34500.00,$32000.00,$18000.00,90,56,41,26,39,46.1%,26.4%,7.5%,1%,92.1%,88.7%,92.5%,93.2%,1.6%,0.8%,1.1%,1.6%,1.2%,33%,31.4%,31%,30.8%,30.3%,11.9%,12.4%,12.7%,12.3%,16.2,6076,6079,6070,6064,6057,38.9,52.4,52.4,175.5,159.5,114.6,13.5,12.2,10.2,,,1.6%,1%,1.2%,1.1%,115.2,0,1.2,0,31%,32.6%,33.1%,34.3%,$21.10,21.3%,17.1%,10.5%,10.2%,16.3%,18.7%,0.5,2.6,2.6,10.2,1%,0,35%,4.8,78.1
South Baltimore,186,179,196,218,299,$250500.00,$250000.00,$246750.00,$309750.00,$289900.00,82,59,31,15,23,8.5%,7.1%,1.1%,0.4%,19.2%,18%,15.7%,14.3%,1.4%,0.4%,0.7%,1.1%,0.6%,71.1%,70%,69.8%,70.4%,70.9%,4.2%,3.7%,2.6%,2.2%,3.7,3307,3311,3374,3373,3387,30.2,35.4,35.4,452.4,382.6,343.6,53.5,50.4,47.7,,,6%,5.4%,7.3%,7.3%,340.4,3,7.3,0.3,1%,0.5%,0.2%,0.4%,$0.00,0%,0%,0.2%,0.5%,0.7%,0.8%,0.9,0.3,0.3,47.8,5.5%,21.8,0.5%,1.5,14.4
Southeastern,49,46,37,39,69,$79000.00,$90000.00,$70000.00,$83000.00,$75000.00,86.5,67,80,36,65,25.5%,12.5%,6.3%,1.6%,41.2%,47.5%,60.4%,57.8%,1.6%,1.2%,1%,2.3%,2%,69.2%,62.8%,65.5%,65.2%,63.1%,5%,4.9%,5.8%,5.8%,6.6,1841,1821,1820,1832,1831,44.4,54.3,54.3,575.5,559.3,522.9,92.8,90.1,92.8,,,2%,2.3%,1.2%,1.7%,515,0.6,1.2,0.5,0.5%,0.7%,0.9%,2%,$0.00,5.9%,0%,0.7%,2%,5.2%,2.6%,0.6,1.1,1.1,93.4,1.3%,0,1.9%,1.1,106.1
Southern Park Heights,107,83,50,40,82,$21000.00,$18800.00,$19553.00,$28500.00,$19900.00,82,57,40,57,47,52.7%,23.2%,6.3%,0%,91.9%,73.2%,84.4%,80.4%,1.9%,0.9%,1.3%,2.8%,2.3%,48.3%,46%,46.1%,45.1%,44.1%,11.9%,12.1%,14%,13.8%,16.9,4037,4030,4006,3999,3987,44.2,58.3,58.3,295.3,272.8,229.3,32.8,34.2,36.3,,,2.2%,1.6%,1.6%,2%,232.8,0,1.6,0,17.7%,17.4%,17.1%,18.5%,$27.80,25.5%,24.3%,8.4%,10.2%,10.7%,12.8%,7.9,3.5,3.5,36.6,1.4%,1,19.6%,2.8,158
Southwest Baltimore,187,153,119,105,152,$22500.00,$17000.00,$21150.00,$22000.00,$23250.00,88.5,58,38,37,54,51.1%,27.6%,8.3%,4.1%,90%,92.4%,89%,86.4%,2.5%,0.9%,1.2%,1.8%,1.5%,29.4%,27.2%,26.5%,26.1%,25%,14.7%,14.2%,14.5%,14.3%,18.3,8243,8254,8227,8217,8252,30.6,63.2,63.2,202.5,175.6,138.2,18.3,15.8,16.3,,,1.7%,1.5%,1.3%,1.4%,138,0.2,1.3,0,25.2%,25%,25.9%,27.1%,$10.70,10.8%,8.2%,7.9%,9.8%,10.1%,11%,4.4,4,4,16.5,0.8%,0,27.8%,3,139.2
The Waverlies,74,60,50,69,84,$84950.00,$56100.00,$74000.00,$79200.00,$79950.00,97.5,42,63,28,54,43.1%,15.2%,5.1%,0%,51.7%,65.2%,55.7%,48.7%,2.3%,1.3%,1.6%,2.9%,2.1%,63.5%,61.5%,61.1%,60.3%,58.6%,6.4%,6.3%,6.8%,8.2%,8.4,2692,2692,2690,2690,2690,33.9,59.4,59.4,541.2,514.1,461.7,44.6,45,52.8,,,2.4%,2%,2.4%,2.3%,462.1,0.4,2.4,0.7,3.5%,3.7%,3.9%,4.1%,$7.90,3.8%,2.7%,4%,4.5%,3.2%,5.3%,0.4,3.7,3.7,53.9,2.8%,0,4.5%,1.5,182.9
Upton/Druid Heights,61,59,59,43,40,$20100.00,$30000.00,$50000.00,$30000.00,$71202.00,117,88,80,95,31,51.1%,20%,7.9%,0%,76.6%,52.7%,73.7%,68.8%,2.5%,0.7%,1.2%,2.1%,1.6%,32.4%,31.4%,31.5%,31.1%,30.4%,11.6%,12.1%,11.1%,11%,12.7,2179,2159,2153,2156,2163,33,60.2,60.2,192.7,173.7,150.7,11.1,12.1,16.7,,,5%,2.1%,2.4%,3.5%,150.7,0,2.4,0,35.5%,34%,34.3%,33.7%,$45.20,45.2%,41.7%,11.3%,12.1%,19.1%,35.5%,2.3,1.4,1.4,16.6,1.5%,0,34.2%,2.8,117.9
Washington Village/Pigtown,109,86,79,59,151,$70000.00,$58450.00,$92000.00,$80000.00,$113000.00,99.5,57,49,56,36,54.5%,9.6%,2%,5.6%,60.4%,62.5%,53.9%,53.8%,2.6%,2.9%,2.6%,3.2%,2.7%,46.5%,43.7%,42.9%,42.6%,41.1%,12.5%,12%,12.7%,11.9%,11.6,2752,2758,2760,2759,2777,38.5,60.7,60.7,378.5,326.1,295.8,37.4,38,39.1,,,4%,3%,3.3%,4.6%,294.2,0,3.3,0,8.7%,7.9%,7.9%,7.5%,$6.40,5%,0.5%,2.7%,3%,2.7%,3.4%,0,2.2,2.2,38.9,2.5%,9,7.2%,0,276.1
Westport/Mount Winans/Lakeland,53,33,32,30,62,$62250.00,$39000.00,$52900.00,$37700.00,$35500.00,103,48,51,41,30,37.8%,17.1%,4.8%,2.9%,71.1%,73.2%,82.3%,75.7%,2.5%,0.8%,2%,3.8%,3.1%,55.8%,52.6%,51.8%,50.3%,48.5%,6.6%,6.3%,7.8%,7%,8.7,2146,2137,2133,2134,2141,47.3,49,49,485.7,453.4,415.7,56.2,51.6,52,,,1.8%,1.2%,0.8%,1.2%,411.5,0,0.8,0,8.1%,8.4%,8.6%,8.4%,$39.70,39.7%,3.9%,3.5%,6.5%,6.1%,6.6%,0.5,1.9,1.9,51.8,0.5%,0,6.2%,33.6,119.1
Baltimore City,5913,5188,5166,4935,7822,$115000.00,$100000.00,$135000.00,$147000.00,$126325.00,100.5,60,43,33,38,33.1%,13.9%,3.4%,2%,50.8%,44.4%,44.4%,45.9%,2.2%,1%,1.4%,2.5%,2%,60.2%,57.6%,57.8%,57.2%,56.1%,7.5%,7.5%,7.5%,7.6%,8.4,202265,202309,202387,202362,204295,38.7,51.8,51.8,481.8,441.3,380.2,49.5,46,49.3,,,2.5%,2.4%,2.6%,3.1%,376.2,0.7,2.6,0.8,7.9%,7.8%,8%,8%,$19.70,18.6%,15.2%,3.8%,4.7%,4.7%,5.9%,1.6,1.9,1.9,49.4,2.7%,2.3,8.1%,2.1,131.3
